{"cameraMode":{"drawMode":0,"name":"Shaded","section":"Shading Mode"},"sceneLighting":true,"audioPlay":false,"sceneViewState":{"m_AlwaysRefresh":false,"showFog":true,"showSkybox":true,"showFlares":true,"showImageEffects":true,"showParticleSystems":true,"showVisualEffectGraphs":true,"m_FxEnabled":true},"in2DMode":false,"pivot":{"x":-18.124656677246095,"y":12.567471504211426,"z":-30.600217819213868},"rotation":{"x":-0.054203156381845477,"y":0.937991201877594,"z":-0.17156650125980378,"w":-0.29633069038391116},"size":21.956954956054689,"orthographic":false}